case_id,tier,primary_classification,secondary_morphology_classification,hard_invariants_passed,conservation_invariants_passed,pair_identity_resolved_initially,pair_identity_resolved_at_final_checkpoint,raw_application_exit,grid,radius_um,window_um,mobility_multiplier,temperature_K,rate_s-1,steps_observed,final_time_s,final_strain,tip_change_m,mean_normal_change_m,excess_area_change_m2,amplitude_change_m,final_pressure_Pa,wallclock_seconds
A1_baseline_bulge,A,SIBM_PAIR_IDENTITY_LOST,SIBM_LATERAL_SPREADING_WITHOUT_NORMAL_ADVANCE,False,True,False,False,0,128,0.75,3.0,1.0,1100.0,1000.0,11999,0.0011993085534346972,1.1993085534346972,5.926299242837973e-08,1.1901472581820338e-07,3.051757812500007e-14,-2.250569017821117e-07,1558791.0619005337,4608.0
A2_no_bulge,A,SIBM_FLAT_BOUNDARY_MIGRATION_ONLY,SIBM_FLAT_BOUNDARY_MIGRATION_ONLY,False,True,True,False,1,128,0.0,3.0,1.0,1100.0,1000.0,300,2.934581157519612e-05,0.02934581157519608,7.640254857177908e-07,7.694643530009686e-07,2.18505859375e-12,-5.920302829912267e-09,16861182.05591654,138.0
A3_window_2um,A,SIBM_PAIR_IDENTITY_LOST,SIBM_LATERAL_SPREADING_WITHOUT_NORMAL_ADVANCE,False,True,False,False,0,128,0.75,2.0,1.0,1100.0,1000.0,5999,0.000599308553459679,0.5993085534596758,8.198219641523675e-08,4.4478118802087974e-07,6.835937500000001e-13,-4.4006197240230247e-07,3859135.4864747263,2193.0
A4_window_3p5um,A,SIBM_PAIR_IDENTITY_LOST,SIBM_LATERAL_SPREADING_WITHOUT_NORMAL_ADVANCE,False,True,False,False,0,128,0.75,3.5,1.0,1100.0,1000.0,5999,0.0005993085534035813,0.5993085534035781,8.157910443693792e-08,4.4479859010850787e-07,6.835937500000001e-13,-4.4302414230976624e-07,3809868.372449807,2403.0
A5_radius_0p5um,A,SIBM_PAIR_IDENTITY_LOST,SIBM_LATERAL_SPREADING_WITHOUT_NORMAL_ADVANCE,False,True,False,False,1,128,0.5,3.0,1.0,1100.0,1000.0,1700,0.00016933082563693868,0.16933082563693308,1.8840413504578047e-08,6.114956744320793e-07,1.4343261718750001e-12,-7.120751384108133e-07,11898280.230155364,602.0
A6_radius_1um,A,SIBM_PAIR_IDENTITY_LOST,SIBM_RESOLVED_NORMAL_GROWTH,False,True,False,False,0,128,1.0,3.0,1.0,1100.0,1000.0,5999,0.0005993239085644187,0.5993239085644155,1.7087404596165398e-07,3.8022634056985695e-07,2.0141601562499999e-13,-2.706249405460513e-07,3774892.5633871797,2010.0
B1_mobility_0p3,B,SIBM_PAIR_IDENTITY_LOST,SIBM_RESOLVED_NORMAL_GROWTH,False,True,False,False,0,128,0.75,3.0,0.3,1100.0,1000.0,5999,0.0005992575897492483,0.599257589749245,1.8345897211250276e-07,5.500001723095439e-07,8.30078125e-13,-4.43717798167212e-07,6799747.696713304,2495.0
B2_mobility_3,B,SIBM_PAIR_IDENTITY_LOST,INCONCLUSIVE_INSUFFICIENT_NORMAL_DISPLACEMENT,False,True,False,False,0,128,0.75,3.0,3.0,1100.0,1000.0,5999,0.0005993202240692084,0.5993202240692052,3.5078141965008226e-08,3.5008843415584624e-08,-3.173828125e-13,-7.95932918676607e-08,3402568.494944297,2496.0
B3_temperature_1000K,B,SIBM_PAIR_IDENTITY_LOST,SIBM_LATERAL_SPREADING_WITHOUT_NORMAL_ADVANCE,False,True,False,False,0,128,0.75,3.0,1.0,1000.0,1000.0,5999,0.0005992424231430306,0.5992424231430274,9.068609383372573e-08,4.843656227576358e-07,7.324218750000001e-13,-4.574246909132968e-07,4958862.407886225,1985.0
B4_temperature_1200K,B,SIBM_PAIR_IDENTITY_LOST,SIBM_LATERAL_SPREADING_WITHOUT_NORMAL_ADVANCE,False,True,False,False,0,128,0.75,3.0,1.0,1200.0,1000.0,5999,0.0005994672384296637,0.5994672384296605,8.754200787579102e-08,4.3760237213661453e-07,6.469726562500001e-13,-4.3830236743268593e-07,3918797.5050734663,1991.0
B5_rate_300,B,SIBM_PAIR_IDENTITY_LOST,SIBM_LATERAL_SPREADING_WITHOUT_NORMAL_ADVANCE,False,True,False,False,0,128,0.75,3.0,1.0,1100.0,300.0,1799,0.0005944569851272949,0.17833709553818225,1.4854086728491271e-07,5.257987914782113e-07,7.995605468750003e-13,-4.506764415290612e-07,7903164.596552556,715.0
B6_rate_3000,B,SIBM_PAIR_IDENTITY_LOST,SIBM_LATERAL_SPREADING_WITHOUT_NORMAL_ADVANCE,False,True,False,False,0,128,0.75,3.0,1.0,1100.0,3000.0,17999,0.000599864445913281,1.7995933377391238,1.030738270611913e-07,2.1597917750943937e-07,4.943847656250002e-13,-3.1442169358398065e-07,900373.859927075,6990.0
D1_grid192_bulge,D,SIBM_PAIR_IDENTITY_LOST,SIBM_LATERAL_SPREADING_WITHOUT_NORMAL_ADVANCE,False,True,False,False,0,192,0.75,3.0,1.0,1100.0,1000.0,5999,0.0005992559570792751,0.5992559570792719,3.616322897869213e-08,3.861637363771007e-07,6.618923611111113e-13,-5.135868447267248e-07,3617839.860202031,4974.0
D2_grid192_control,D,SIBM_FLAT_BOUNDARY_MIGRATION_ONLY,SIBM_FLAT_BOUNDARY_MIGRATION_ONLY,False,True,True,False,1,192,0.0,3.0,1.0,1100.0,1000.0,300,2.9309977395118562e-05,0.029309977395118522,7.895469313858751e-07,7.944920206235515e-07,2.186414930555556e-12,-5.256487064837828e-09,13869529.622251863,302.0
D3_grid256_bulge,D,SIBM_PAIR_IDENTITY_LOST,SIBM_RESOLVED_NORMAL_GROWTH,False,True,False,False,0,256,0.75,3.0,1.0,1100.0,1000.0,3999,0.000399293638386003,0.39929363838596654,8.441290947688179e-08,4.6279930970080237e-07,7.492065429687499e-13,-4.94136228632378e-07,4806882.512101911,6012.0
E1_subcritical_fixture,E,SIBM_CRITICALITY_CONTROL_FAILED,SIBM_RETRACTED,False,True,False,True,0,128,0.42,3.0,1.0,1100.0,1000.0,5999,0.0005992395511060911,0.599239551106088,1.0556322041532258e-07,-3.991737317608019e-07,-3.0090332031250003e-12,5.484083713737873e-07,-32194545.389630735,2278.0
E2_supercritical_fixture,E,SIBM_CRITICALITY_CONTROL_FAILED,SIBM_RETRACTED,False,True,False,True,0,128,0.78,3.0,1.0,1100.0,1000.0,5999,0.0005992919793990894,0.5992919793990863,-1.0550570969851879e-08,-6.072468513938074e-07,-4.162597656250001e-12,6.081096778352423e-07,-31906828.521934528,1920.0
